ID,PDB,mutation,chain,partner chains,Exp. DDG,source,complex group,Method
1,1AHW,D178A,C,"A,B",0.48,SKEMPI2,1,IASP
10,1AK4,A488G,D,A,-2.49,SKEMPI2(AB_BIND),2,SPR
26,1AO7,A52P,E,"A,B,C",0.33,SKEMPI2,3,SPR
31,1BJ1,E93A,W,"H,L",-0.82,SKEMPI2(AB_BIND),4,SPR
78,1CZ8,Y21A,V,"H,L",0,SKEMPI2(AB_BIND),5,SPR
79,1CZ8,Y45A,W,"H,L",-1.94,SKEMPI2(AB_BIND),5,SPR
80,1DQJ,D101A,C,"H,L",-1.3,SKEMPI2(AB_BIND),6,SPR
81,1DQJ,D32A,H,C,-2,SKEMPI2(AB_BIND),6,SPR
82,1DQJ,K96A,C,"H,L",-6.1,SKEMPI2(AB_BIND),6,SPR
83,1DQJ,K97A,C,"H,L",-3.5,SKEMPI2(AB_BIND),6,SPR
99,1DQJ,Y50A,L,C,-2.7,SKEMPI2(AB_BIND),6,SPR
100,1DQJ,Y96A,L,C,-1.1,SKEMPI2(AB_BIND),6,SPR
101,1DVF,D100A,B,"C,D",-2.82,SKEMPI2(AB_BIND),7,SPR
102,1DVF,D54A,B,"C,D",-4.32,SKEMPI2(AB_BIND),7,SPR
103,1DVF,D58A,B,"C,D",-1.62,SKEMPI2(AB_BIND),7,SPR
123,1DVF,Y32A,B,"C,D",-1.85,SKEMPI2(AB_BIND),7,SPR
124,1DVF,Y49A,C,"A,B",-1.88,SKEMPI2(AB_BIND),7,SPR
125,1DVF,Y102A,D,"A,B",-4.79,SKEMPI2(AB_BIND),7,SPR
126,1FC2,F149A,C,D,-0.06,SKEMPI2,8,SPR
127,1FC2,F149W,C,D,0,SKEMPI2,8,FL
128,1FC2,I135W,C,D,-3.14,SKEMPI2,8,FL
129,1FC2,I150A,C,D,-5.27,SKEMPI2,8,SPR
143,1FFW,D13K,A,B,-0.05,SKEMPI2(AB_BIND),10,ELISA
144,1FFW,E117K,A,B,-0.71,SKEMPI2(AB_BIND),10,ELISA
151,1JRH,D54A,H,I,-1.89,SKEMPI2,11,SPR
